<annotation>
	<folder>kaspar_labelled</folder>
	<filename>l_left0261.jpg</filename>
	<path>/home/ks/MumMumMum_dataset/kaspar_labelled/l_left0261.jpg</path>
	<source>
		<database>Unknown</database>
	</source>
	<size>
		<width>1368</width>
		<height>1096</height>
		<depth>3</depth>
	</size>
	<segmented>0</segmented>
	<object>
		<name>Red</name>
		<pose>Unspecified</pose>
		<truncated>0</truncated>
		<difficult>0</difficult>
		<bndbox>
			<xmin>627</xmin>
			<ymin>406</ymin>
			<xmax>661</xmax>
			<ymax>497</ymax>
		</bndbox>
	</object>
</annotation>
