<annotation>
	<folder>img_just_traffic_light</folder>
	<filename>l_left0108.jpg</filename>
	<path>D:\users\sakmannk\Downloads\Object_detection-master\Object_detection-master\img_just_traffic_light\l_left0108.jpg</path>
	<source>
		<database>Unknown</database>
	</source>
	<size>
		<width>1368</width>
		<height>1096</height>
		<depth>3</depth>
	</size>
	<segmented>0</segmented>
	<object>
		<name>Red</name>
		<pose>Unspecified</pose>
		<truncated>0</truncated>
		<difficult>0</difficult>
		<bndbox>
			<xmin>413</xmin>
			<ymin>372</ymin>
			<xmax>463</xmax>
			<ymax>514</ymax>
		</bndbox>
	</object>
</annotation>
