<annotation>
	<folder>kaspar_labelled</folder>
	<filename>l_left0211.jpg</filename>
	<path>/home/ks/MumMumMum_dataset/kaspar_labelled/l_left0211.jpg</path>
	<source>
		<database>Unknown</database>
	</source>
	<size>
		<width>1368</width>
		<height>1096</height>
		<depth>3</depth>
	</size>
	<segmented>0</segmented>
	<object>
		<name>Yellow</name>
		<pose>Unspecified</pose>
		<truncated>0</truncated>
		<difficult>0</difficult>
		<bndbox>
			<xmin>635</xmin>
			<ymin>409</ymin>
			<xmax>672</xmax>
			<ymax>495</ymax>
		</bndbox>
	</object>
</annotation>
