<annotation>
	<folder>img_just_traffic_light</folder>
	<filename>r_left0336.jpg</filename>
	<path>C:\JK\carnd\udacity_tl_img\Object_detection\img_just_traffic_light\r_left0336.jpg</path>
	<source>
		<database>Unknown</database>
	</source>
	<size>
		<width>1368</width>
		<height>1096</height>
		<depth>3</depth>
	</size>
	<segmented>0</segmented>
	<object>
		<name>Red</name>
		<pose>Unspecified</pose>
		<truncated>0</truncated>
		<difficult>0</difficult>
		<bndbox>
			<xmin>967</xmin>
			<ymin>409</ymin>
			<xmax>994</xmax>
			<ymax>469</ymax>
		</bndbox>
	</object>
</annotation>
